index,phase,pattern,scene_title,scene_title_sub,scene_desc,characters,concepts_new,concept_prereqs,key_terms_new,key_term_defs,reference_type,reference_topic,review_concepts,review_terms,review_source,narrative_subplot,notes
1,1,A,The First Meeting,Ren meets his new client — and her PM,"Ren arrives at Kurosawa Digital's office for the kickoff meeting. Saki greets him with a formal handshake and a thick requirements binder. Their styles clash immediately.","Ren,Saki",Project lifecycle & phases,,,,,,,,,"Ren is nervous but covers it with humor. Saki is unimpressed by his lack of documentation. First spark of tension.",Phase 1 opener — establish characters and setting
2,1,B,The Project Bible,What a charter really says,"Pulse Works receives Kurosawa Digital's official project charter for the XR platform build. The document reveals scope, objectives, and constraints.","Ren,Hina",,,"project,phase,deliverable,milestone,kickoff","A temporary endeavor to create a unique product or result|A distinct stage in the project lifecycle with defined objectives|A tangible or intangible output produced during the project|A significant point or event in the project timeline|The initial meeting to formally start a project",project_charter,XR Platform Project Charter,,,,"Hina excitedly reads the charter aloud. Ren skims it — a habit Saki would disapprove of.",Introduce Hina and first reference material
3,1,C,Scope Shock,When the client wants everything,"Director Kudo drops by the kickoff wrap-up with 'a few more ideas' that threaten to double the project scope. Ren scrambles; Saki takes notes calmly.","Ren,Saki,Director Kudo",Stakeholder identification & analysis,1,"stakeholder,sponsor,project manager","An individual or group that may affect or be affected by the project|The person or group providing resources and support for the project|The person responsible for leading the project team and achieving objectives",,,Stakeholder identification & analysis,"stakeholder,project,phase","1,2","Director Kudo's casual scope additions frustrate Ren. Saki handles him diplomatically — Ren notices.",Introduce Director Kudo as the wildcard stakeholder
4,1,A,The Whiteboard War,Defining what's in and what's out,"Ren and Saki face off over a whiteboard, arguing about what belongs in the MVP scope. Tetsu joins remotely, asking pointed questions about technical feasibility.","Ren,Saki,Tetsu",Project charter & business case,1,,,,,,,,,"Ren wants to keep scope loose for creativity. Saki insists on formal boundaries. Their argument is heated but productive.",Introduce Tetsu — his first appearance via video call
5,1,B,Reading the Room,A stakeholder map takes shape,"Hina attempts to create a stakeholder register based on notes from the kickoff. She discovers the org chart is more complicated than expected.","Ren,Hina",,,"stakeholder register,power/interest grid,engagement level,influence,requirements","A document listing all identified stakeholders and their attributes|A tool classifying stakeholders by their authority and concern|The degree to which a stakeholder is involved in the project|The ability of a stakeholder to affect project decisions|Conditions or capabilities needed by a stakeholder",stakeholder_email,Director Kudo's follow-up email with new 'suggestions',,,,"Hina asks Ren why Saki was so formal at the meeting. Ren changes the subject.",Deepen stakeholder analysis through practical artifact
6,1,C,Drawing the Line,The scope statement gets real,"Ren presents a draft scope statement to Saki. She redlines half of it. They negotiate line by line while Director Kudo's assistant sends yet another feature request.","Ren,Saki",Scope definition & WBS,"3,4","scope statement,WBS,work package,scope baseline","A detailed description of the project scope including deliverables and boundaries|Work Breakdown Structure — a hierarchical decomposition of total project work|The lowest level of the WBS representing a manageable unit of work|The approved version of the scope statement and WBS",,,Project charter & business case;Stakeholder identification & analysis,"project manager,stakeholder register","3,4,5","Saki stays late to help Ren restructure the scope. She says it's 'just process.' Ren isn't sure.",First collaborative moment between Ren and Saki
7,1,A,What Do They Actually Need?,Requirements gathering begins,"Ren and Hina interview Kurosawa Digital's end users about what they need from the XR platform. The answers are contradictory and overwhelming.","Ren,Hina,Saki",Requirements gathering,"3,6",,,,,,,,,"Saki sends Ren a requirements template 'for reference' — her way of helping without admitting it.",Show the messiness of real requirements gathering
8,1,B,Time Is Money,The schedule takes shape,"Tetsu maps out the technical dependencies while Ren tries to build a realistic timeline. The gap between ambition and reality becomes clear.","Ren,Tetsu",,,"schedule,activity,dependency,lead time,lag time","A model showing planned dates for project activities and milestones|A distinct unit of work performed during the project|A logical relationship between two activities|The amount of time a successor activity can be advanced|The amount of time a successor activity is delayed",scope_document,XR Platform Scope Statement v1.0,,,,"Tetsu quietly notes he's already handling three other projects. Ren doesn't register the warning sign.",Begin surfacing Tetsu's workload — foreshadowing bottleneck
9,1,C,The Critical Question,Which tasks can't slip?,"During a planning session, Saki introduces the concept of critical path to Ren. He realizes several of Tetsu's tasks are on it — and Tetsu is already stretched thin.","Ren,Saki,Tetsu",Schedule management & critical path,"6,8","critical path,float,network diagram,forward pass","The longest sequence of dependent activities determining the shortest project duration|The amount of time an activity can be delayed without delaying the project|A graphical representation of activity dependencies|A technique to calculate early start and early finish dates",,,Requirements gathering;Scope definition & WBS,"WBS,dependency,schedule","6,7,8","Saki explains critical path with unexpected patience. Ren catches himself staring. Hina would notice if she were there.",Ren's first moment of genuine respect for Saki's expertise
10,1,A,The Estimation Game,How long will this really take?,"Pulse Works team debates estimates for the XR development sprints. Tetsu's conservative estimates clash with Ren's optimistic ones. Hina tries to mediate.","Ren,Tetsu,Hina",Resource planning & estimation,"8,9",,,,,,,,,"Tetsu pushes back on aggressive timelines. Ren starts to see the systemic problem but doesn't name it yet.",Set up the estimation vs. reality tension
11,1,B,Show Me the Numbers,The budget conversation nobody wants,"Ren must present a cost estimate to Director Kudo. The numbers are higher than expected. Hina helps compile the data from vendor quotes and team rates.","Ren,Hina,Director Kudo",,,"budget,cost estimate,contingency reserve,management reserve,cost baseline","The approved spending plan for the project|An approximation of the monetary resources needed for project activities|Funds set aside to address identified risks|Funds reserved for unplanned changes to project scope and cost|The approved version of the time-phased project budget",status_report,Month 1 Status Report — XR Platform,,,,"Director Kudo pushes for a lower number. Ren feels the pressure of pleasing the client vs. being honest.",First real budget pressure from the stakeholder
12,1,C,Budget Battles,When the numbers don't add up,"Saki reviews Ren's cost estimate and finds gaps. Their debate over contingency reserves reveals different risk philosophies. Director Kudo wants both PMs to 'make it work.'","Ren,Saki,Director Kudo",Cost management & budgeting,"10,11","cost variance,earned value,planned value,actual cost","The difference between earned value and actual cost|The value of work actually completed|The authorized budget assigned to scheduled work|The realized cost for work performed during a specific time period",,,Resource planning & estimation;Schedule management & critical path,"critical path,float,cost estimate","9,10,11","Late-night email exchange about the budget. Saki signs off with 'Good night, Ren' instead of her usual formal closing. He reads it three times.",Deepen the financial literacy and the subplot
13,1,A,The Flow Problem,Why everything feels stuck,"A deployment stalls because three teams are waiting on Tetsu. Ren realizes the workflow is broken but doesn't know how to fix it. Saki mentions something called 'flow.'","Ren,Saki,Tetsu",The Three Ways (flow; feedback; learning),"9,10",,,,,,,,,"Saki lends Ren a book — The Phoenix Project. 'You might find it useful,' she says, avoiding eye contact.",Introduce The Three Ways — the Phoenix Project bridge
14,1,B,Seeing the System,Making work visible,"Hina creates the team's first Kanban board on a whiteboard. It reveals how much work is piled on Tetsu compared to everyone else. The imbalance is shocking.","Ren,Hina,Tetsu",,,"flow,feedback loop,continuous learning,value stream,lead time (process)","The movement of work through a system from start to finish|A mechanism for receiving information about output to improve process|The practice of ongoing experimentation and knowledge sharing|The sequence of activities required to deliver value to a customer|The total time from work request to work delivery",kanban_board,Pulse Works Sprint Board — Week 4,,,,"Hina draws the board and gasps at the imbalance. Tetsu just shrugs. Ren feels guilty.",Visualize the bottleneck problem through a tangible artifact
15,1,C,Stop Starting — Start Finishing,Learning to limit work in progress,"Ren tries implementing WIP limits after reading about them. The team resists. Tetsu quietly supports the experiment. The first week is painful but revealing.","Ren,Tetsu,Hina",WIP limits,"13,14","WIP limit,pull system,throughput,cycle time","A constraint on the number of items allowed in a workflow stage at one time|A system where new work is started only when capacity is available|The amount of work completed in a given time period|The time it takes for a single item to move through the entire workflow",,,The Three Ways (flow; feedback; learning);Cost management & budgeting,"flow,value stream,budget","12,13,14","Saki notices the Kanban board during a site visit. 'That's actually quite good,' she admits. Ren tries not to smile.",First WIP limits experiment — learning from Phoenix Project
16,1,A,The First Crisis,When production breaks on a Friday,"The XR demo environment crashes before a client presentation. Tetsu is the only one who can fix it. Everyone waits. Ren sees the single-point-of-failure problem in real time.","Ren,Tetsu,Saki,Hina",,,,,,,,,,"Saki stays to help even though it's Company B's day off. She brings coffee. Ren notices she takes hers black.",A crisis that exposes the bottleneck — and brings Ren and Saki closer
17,1,B,After the Storm,Documenting what went wrong,"The team holds their first retrospective after the Friday crash. Hina takes detailed notes. The discussion reveals systemic issues nobody had acknowledged.","Ren,Hina,Tetsu",,,"retrospective,lessons learned,root cause,process improvement,action item","A meeting held after a project phase or event to evaluate what went well and what didn't|Knowledge gained through project experience that can benefit future work|The fundamental reason for a problem or defect|A deliberate effort to enhance efficiency or effectiveness of a process|A documented task assigned to a team member with a deadline",retrospective_notes,Post-Crash Retrospective — XR Demo Environment,,,,"Hina's notes accidentally include 'Saki brought Ren coffee — he smiled for the first time all day.' She crosses it out, but Ren sees it.",Retrospective as both PM practice and subplot vehicle
18,1,C,Patterns in the Chaos,Recognizing what repeats,"Ren reviews the retrospective and realizes the crash followed a predictable pattern. He starts seeing connections between workload, dependencies, and failure.","Ren,Saki,Tetsu",,"16,17","pattern recognition,process flow,bottleneck indicator,systemic risk","The ability to identify recurring themes or issues in project data|The sequence of steps work follows through a system|A sign that a resource or process is constraining throughput|A risk arising from the way the system is structured rather than individual events",,,WIP limits;Requirements gathering,"WIP limit,throughput,requirements","7,15,16","Ren texts Saki about the patterns he's seeing. Their conversation goes from work to 'what book are you reading?' He doesn't notice the time until 1am.",Review earlier concepts while building analytical skills
19,1,A,The Roadmap Reveal,Presenting the plan to the client,"Ren and Saki jointly present the project roadmap to Director Kudo and the Kurosawa leadership team. It's their first time presenting together. The chemistry is professional but visible.","Ren,Saki,Director Kudo",,"1,6,9",,,,,,,,,"They rehearse the presentation together the night before. Saki corrects his slides; he makes her delivery less stiff. They work well together. Both pretend not to notice.",Major milestone — first joint presentation
20,1,B,Tools of the Trade,The PM's vocabulary expands,"Hina compiles a PM glossary for herself after feeling lost in meetings. Ren reviews it and realizes he's been learning these terms without noticing.","Ren,Hina",,,"baseline,variance,performance measurement,control account,work authorization","An approved reference point used for comparison against actual results|The difference between planned and actual performance|The process of tracking and evaluating project progress|A management control point for scope, schedule, and cost integration|A formal approval to begin work on a specific project activity",status_report,Month 2 Status Report — XR Platform,,,,"Hina asks if Saki is 'always that intense.' Ren says yes, then adds, 'but she's really good at her job.' Hina raises an eyebrow.",Vocabulary building through natural narrative context
21,1,C,Check Your Work,The first real progress review,"Saki conducts a formal progress review against the baseline. The numbers show the project is slightly behind schedule but under budget. The team debates what this means.","Ren,Saki,Hina",,"19,20","progress review,schedule variance,on track,behind schedule","A formal evaluation of project progress against the planned baseline|The difference between the planned schedule and actual schedule progress|When actual progress matches or exceeds the planned baseline|When actual progress falls short of the planned baseline",,,Project lifecycle & phases;Scope definition & WBS,"milestone,scope baseline,baseline","1,6,19","During the review, Saki and Ren's hands brush reaching for the same printout. Neither acknowledges it. Hina stifles a grin.",Review earlier concepts through a formal checkpoint
22,1,A,The Invisible Queue,Work nobody sees,"Ren discovers a backlog of undocumented requests that team members have been handling informally. The hidden work is eating capacity and nobody tracked it.","Ren,Tetsu,Hina",,"13,14",,,,,,,,,"Tetsu finally admits he's been handling side requests from three Kurosawa departments. Ren is alarmed.",Surface the hidden work problem from Phoenix Project
23,1,B,Four Kinds of Work,Classifying the invisible,"After discovering the hidden backlog, Ren categorizes all ongoing work using a framework Saki recommended. The results are eye-opening.","Ren,Hina",,,"business projects,internal projects,operational changes,unplanned work","Work that directly delivers business value to external customers|Work that improves internal capabilities and infrastructure|Routine updates and maintenance activities|Firefighting and recovery work that disrupts planned activities",scope_document,Work Classification Matrix — Pulse Works,,,,"Saki recommended the framework via text with a bookmark emoji. Ren saved the message.",Introduce The Four Types of Work from Phoenix Project
24,1,C,Making the Invisible Visible,Bringing hidden work into the system,"Ren restructures the Kanban board to include all four types of work. The team sees for the first time how much unplanned work they've been absorbing.","Ren,Tetsu,Hina",The Four Types of Work,"13,14,22","unplanned work ratio,demand management,capacity allocation,visible workflow","The proportion of unplanned work relative to total work — higher ratios indicate systemic instability|The practice of managing and prioritizing incoming work requests|Distributing available resources across different types of work|A system where all work items are tracked and visible to the team",,,The Three Ways (flow; feedback; learning);Stakeholder identification & analysis,"flow,WIP limit,stakeholder","3,13,15","Ren sends Saki a photo of the new board with the caption 'You were right.' She replies with a single thumbs-up. He wishes it were more.",Review and synthesis of flow concepts
25,1,A,The Expectation Gap,When the client sees the prototype,"First prototype demo for Kurosawa Digital. The client's reaction is mixed — the tech is impressive but doesn't match their mental image. Expectations management becomes the topic.","Ren,Saki,Director Kudo",,"3,7",,,,,,,,,"Director Kudo is publicly enthusiastic but privately tells Saki to 'fix it.' She doesn't tell Ren about the pressure.",Prototype demo reveals expectation gaps
26,1,B,Managing the Message,How PMs communicate up and down,"Saki shares her communications management approach with Ren after the rocky demo. He realizes he's been informing but not managing expectations.","Ren,Saki",,,"communications management plan,stakeholder notification,information distribution,status meeting,escalation path","A document defining who needs what information, when, and how|A targeted message to stakeholders about project events or decisions|The process of making relevant information available to stakeholders|A regular meeting to review project progress and address issues|A predefined process for raising issues to higher authority when needed",stakeholder_email,Saki's post-demo stakeholder update email,,,,"Saki teaches Ren her email template. He notices she has a structured approach to everything — even lunch orders. He finds it endearing.",Bridge PMBOK communications with practical stakeholder management
27,1,C,Talking to Power,Communicating with senior stakeholders,"Ren prepares for a one-on-one with Director Kudo to address the demo feedback. Saki coaches him on executive communication. The meeting goes better than expected.","Ren,Saki,Director Kudo",Communications management,"3,25,26","executive summary,RAG status,key message,audience analysis","A brief overview of project status and decisions needed for senior stakeholders|Red-Amber-Green indicator showing project health at a glance|The core point a PM wants stakeholders to remember from a communication|The practice of tailoring communication style and content to the recipient",,,Resource planning & estimation;The Four Types of Work,"cost estimate,contingency reserve,unplanned work","10,11,23","Saki role-plays as Director Kudo so Ren can practice. She's terrifyingly accurate. They both laugh afterward — a first.",Communications management through practical coaching
28,1,A,The Knowledge Silo,When only one person knows,"A critical module needs updating but Tetsu wrote it alone six months ago. Nobody else understands the code. The team confronts the knowledge silo problem.","Ren,Tetsu,Hina",,"14,15",,,,,,,,,"Tetsu opens up about feeling trapped — he can't take a day off without something breaking. Ren promises to fix the systemic issue, not just the symptom.",Knowledge silos as a bottleneck — Phoenix Project theme
29,1,B,Building Resilience,Cross-training and documentation,"Ren initiates a knowledge-sharing program. Tetsu begins documenting his systems. Hina volunteers to be the first cross-trained team member.","Ren,Tetsu,Hina",,,"knowledge transfer,cross-training,bus factor,documentation,redundancy","The process of sharing critical knowledge between team members|Training team members in skills outside their primary role|The number of people who would need to leave before a project stalls|Written records of systems, processes, and decisions for future reference|Having multiple people capable of performing critical tasks",retrospective_notes,Knowledge Gap Assessment — Pulse Works Team,,,,"Tetsu tells Ren this is the first time a PM actually tried to fix his workload instead of just adding to it.",Address the bottleneck through systemic solutions
30,1,C,Phase One Complete,Looking back before moving forward,"End of Phase 1. The team holds a major retrospective covering the first three months. The project is behind schedule but the team is stronger. Saki attends as a guest.","Ren,Saki,Tetsu,Hina",,"1,6,9,13","phase gate,go/no-go decision,lessons learned register,phase review","A formal checkpoint at the end of a project phase to evaluate progress|A decision point determining whether a project should continue to the next phase|A comprehensive document collecting insights from project experiences|A formal evaluation of a completed phase against its success criteria",,,WIP limits;Communications management;Project charter & business case,"WIP limit,cycle time,RAG status,scope statement","4,15,27","At the retrospective dinner, Saki sits next to Ren. Their conversation shifts from work to personal — favorite places, weekend routines. Hina takes a stealth photo of them talking.",Phase 1 capstone — review and transition
31,2,A,The Bottleneck Breaks,When the constraint reveals itself,"Month 4. Tetsu calls in sick for the first time ever. Three workstreams grind to a halt. Ren finally sees the Theory of Constraints in action — the hard way.","Ren,Tetsu,Hina,Saki",Theory of Constraints & bottleneck management,"13,14,15",,,,,,,,,"Saki helps Ren triage the crisis without being asked. She simply shows up. He's grateful but doesn't know how to say it.",Phase 2 opener — the bottleneck becomes undeniable
32,2,B,Finding the Constraint,Mapping the system's weakest link,"Ren studies the workflow data to identify exactly where and why work gets stuck. The analysis confirms what everyone felt but nobody measured.","Ren,Hina",,,"constraint,throughput (system),exploitation,elevation,subordination","Any factor that limits a system's ability to achieve its goal|The rate at which a system generates value or completes work|Making the most of the constraint's existing capacity without additional investment|Increasing the constraint's capacity through additional resources|Aligning all non-constraint resources to support the constraint",kanban_board,Updated Kanban Board — Bottleneck Analysis View,,,,"Hina creates a visualization that makes the bottleneck obvious. Ren realizes she's becoming genuinely skilled.",Theory of Constraints terminology from Phoenix Project
33,2,C,Protecting the Constraint,Building buffers around Tetsu,"Ren implements changes to protect Tetsu's capacity: routing requests through a queue, cross-training juniors, and blocking meeting interruptions.","Ren,Tetsu,Saki",,"31,32","buffer,drum-buffer-rope,protective capacity,queue management","Extra time or resources placed before a constraint to prevent starvation|A scheduling methodology derived from Theory of Constraints|Spare capacity in non-constraint resources to absorb variability|The practice of controlling the order and flow of work waiting to be processed",,,Theory of Constraints & bottleneck management;Cost management & budgeting,"constraint,throughput,cost baseline","12,31,32","Saki quietly reassigns some of her own team's requests away from Tetsu. She doesn't mention it. Ren finds out from Hina.",Apply ToC principles practically
34,2,A,The Scope Creep Monster,Director Kudo's 'small' request,"Director Kudo casually requests a major feature addition during a status meeting. 'It shouldn't be that hard, right?' Ren and Saki must decide how to respond.","Ren,Saki,Director Kudo",Change control & integrated change management,"6,7",,,,,,,,,"Ren wants to push back directly. Saki suggests a more strategic approach. They strategize together over coffee — their first time meeting outside the office.",Introduce change control through a classic scope creep scenario
35,2,B,The Change Machine,How change requests actually work,"Saki walks Ren through Kurosawa Digital's formal change control process. It's bureaucratic but Ren starts to see why it exists.","Ren,Saki",,,"change request,change control board (CCB),impact analysis,change log,configuration management","A formal proposal to modify any project baseline or document|A group responsible for reviewing and approving or rejecting change requests|An assessment of the effect a proposed change would have on scope schedule and cost|A comprehensive record of all changes requested and their disposition|A system for maintaining consistency of a product's attributes with its design",change_request_form,CR-0042 — Add AR Filter Feature to XR Platform,,,,"Saki explains change control with genuine passion. Ren teases her about being excited by paperwork. She almost smiles.",Formalize change management vocabulary
36,2,C,Saying No with Data,Using impact analysis to manage expectations,"Ren presents an impact analysis of Director Kudo's feature request. The numbers make the case clearly: adding the feature would delay launch by six weeks.","Ren,Saki,Director Kudo",,"34,35","scope creep,gold plating,impact assessment,trade-off analysis","Uncontrolled expansion of project scope without corresponding adjustments to time cost and resources|Adding features or improvements beyond what is required by the project scope|A systematic evaluation of the consequences of a proposed change|Comparing the benefits and drawbacks of different options to make an informed decision",,,Change control & integrated change management;Schedule management & critical path,"change request,CCB,critical path,float","9,34,35","Director Kudo accepts the data grudgingly. Afterward, Saki texts Ren: 'Well played.' He saves the message.",Review change control and scheduling through a real decision
37,2,A,Risk Radar,Identifying what could go wrong,"After the scope creep scare, Ren realizes the project has no formal risk management. Saki helps him set up the first risk identification workshop.","Ren,Saki,Tetsu,Hina",Risk identification & response planning,"3,12",,,,,,,,,"During the workshop, Ren and Saki finish each other's sentences. Tetsu and Hina exchange a look.",Introduce risk management — a PMBOK core knowledge area
38,2,B,The Risk Register,Documenting uncertainty,"The team builds their first risk register. Each risk gets a probability, impact, and response strategy. Some risks are technical; others are political.","Ren,Hina",,,"risk,risk register,probability,impact,risk response strategy","An uncertain event or condition that if it occurs has a positive or negative effect on project objectives|A document recording identified risks their assessment and planned responses|The likelihood that a risk event will occur|The effect on project objectives if the risk event occurs|A planned approach to address a risk — avoid mitigate transfer or accept",risk_register,XR Platform Risk Register v1.0,,,,"Hina adds 'Ren and Saki's arguments' as a risk. Ren makes her delete it. She grins.",Build risk management vocabulary through artifact creation
39,2,C,When Risks Become Issues,A predicted risk materializes,"A vendor delay that was on the risk register actually happens. The team activates their response plan — and it mostly works. The 'mostly' part teaches valuable lessons.","Ren,Saki,Tetsu",,"37,38","risk trigger,issue,contingency plan,risk owner,workaround","A predefined event or condition that indicates a risk is about to occur or has occurred|A risk that has materialized and requires immediate action|A predefined response plan activated when a specific risk occurs|The person responsible for monitoring and managing a specific risk|An unplanned response to a negative risk event that was not previously identified",,,Risk identification & response planning;Theory of Constraints & bottleneck management,"risk,probability,constraint,buffer","31,37,38","Ren and Saki manage the crisis together seamlessly. Tetsu observes: 'You two have gotten good at this.' Awkward silence.",Review risk and ToC through a real incident
40,2,A,Quality Is Not Optional,When 'good enough' isn't,"User testing reveals quality issues in the XR prototype. Ren wants to ship anyway; Saki insists on standards. Their debate exposes different quality philosophies.","Ren,Saki,Hina",Quality management,"7,37",,,,,,,,,"Ren sees that Saki's insistence on quality comes from caring about the end users, not just process. His perspective on her shifts.",Introduce quality management through a genuine tension
41,2,B,Measuring Quality,Metrics that matter,"The team establishes quality metrics for the XR platform. Hina creates a quality dashboard. The numbers tell a different story than gut feelings.","Ren,Hina",,,"quality management plan,quality metric,quality assurance,quality control,acceptance criteria","A document describing how quality policies and standards will be implemented|A measurable indicator used to assess whether quality requirements are being met|Proactive processes to prevent defects and ensure standards|Reactive inspection of deliverables to identify defects|Predefined conditions that must be met for deliverables to be accepted",status_report,Quality Dashboard — Sprint 8 Review,,,,"Hina creates a quality checklist and adds 'Would Saki approve?' as the final item. Ren pretends to be annoyed.",Quality management vocabulary and measurement
42,2,C,The Quality Gate,A deliverable gets rejected,"Saki's quality review rejects a key deliverable. The team must rework it. The experience teaches the difference between quality assurance and quality control.","Ren,Saki,Tetsu",,"40,41","rework,defect,cost of quality,prevention cost,appraisal cost","Effort required to correct defective or nonconforming deliverables|An imperfection or deficiency that reduces the quality of a deliverable|The total cost of ensuring quality including prevention appraisal and failure costs|Investment in processes and tools to prevent defects from occurring|Cost of evaluating deliverables to ensure they meet quality standards",,,Quality management;Change control & integrated change management,"quality metric,acceptance criteria,change request,impact analysis","35,40,41","Saki apologizes for the harsh review. Ren says she was right. It's the first time he's said that without it being an argument. Something shifts.",Review quality and change management
43,2,A,Lost in Translation,When teams talk past each other,"A miscommunication between Pulse Works developers and Kurosawa Digital's design team causes a two-week rework. The root cause is unclear requirements handoff.","Ren,Saki,Tetsu",,"7,15,27",,,,,,,,,"Ren and Saki realize they've been communicating well with each other but not cascading that clarity to their teams. They start syncing daily.",Communications breakdown as a real PM challenge
44,2,B,The Agile Question,Is there a better way to work?,"After repeated handoff problems, Ren researches agile methodologies. The team debates whether to pivot their approach mid-project.","Ren,Hina",,,"agile,sprint,iteration,user story,product backlog","An iterative and incremental approach to project management emphasizing flexibility and customer feedback|A time-boxed iteration typically 1-4 weeks during which a set of work is completed|A single cycle of development within an iterative approach|A short description of a feature from the end user's perspective|A prioritized list of features and requirements for the product",scope_document,Agile Transition Assessment — XR Platform,,,,"Hina asks if agile means they can 'move faster.' Tetsu says it means they can 'fail faster and learn.' Ren realizes that's The Second Way.",Introduce agile — a key PMBOK methodology
45,2,C,The Hybrid Path,Blending predictive and agile,"Ren proposes a hybrid approach: keeping PMBOK governance for stakeholder reporting while using agile sprints for development. Saki is skeptical but willing to try.","Ren,Saki,Tetsu",Agile & hybrid approaches,"44","hybrid approach,sprint planning,daily standup,sprint review,sprint retrospective","Combining elements of predictive and agile methodologies based on project needs|A collaborative meeting to define the sprint goal and select backlog items|A brief daily meeting for the team to synchronize activities and identify blockers|A meeting at sprint end to demonstrate completed work and gather feedback|A meeting for the team to reflect on the sprint process and identify improvements",,,Communications management;Risk identification & response planning,"RAG status,key message,risk trigger,contingency plan","27,39,44","Saki agrees to the hybrid approach on one condition: they review it together weekly. Ren agrees a little too quickly.",Hybrid methodology as a practical compromise
46,2,A,The Kanban Evolution,From whiteboard to workflow engine,"The team evolves their simple Kanban board into a proper workflow management system. WIP limits are enforced digitally. The improvement in flow is measurable.","Ren,Hina,Tetsu",Kanban & visual management,"14,15,24",,,,,,,,,"Tetsu admits the Kanban system has genuinely reduced his stress. He offers to buy Ren lunch — high praise from Tetsu.",Formalize Kanban as a management tool
47,2,B,Boards and Signals,The mechanics of visual management,"Hina documents the team's Kanban practices. The board has evolved from a simple task tracker to a communication tool that makes work status instantly visible.","Ren,Hina",,,"Kanban board,swim lane,WIP indicator,blocked item,cumulative flow diagram","A visual tool displaying work items in columns representing workflow stages|A horizontal row on a Kanban board separating work by category or team|A visual signal showing current WIP count against the WIP limit|A work item that cannot progress due to an impediment|A chart showing the count of items in each workflow stage over time",kanban_board,Pulse Works Kanban Board v3.0 — Mature State,,,,"Hina's documentation is thorough and clear. Ren realizes she doesn't need his guidance as much anymore. He's proud and a little sad.",Kanban vocabulary and visual management maturity
48,2,C,Flow State,When the system starts working,"The team experiences their first 'flow' week — no major blockers, WIP limits holding, predictable throughput. It feels almost too good. Ren waits for something to break.","Ren,Tetsu,Saki",,"46,47","flow efficiency,service level expectation,steady state,continuous delivery","The ratio of active work time to total lead time for a work item|A target for how quickly work items should move through the system|A condition where workflow rates are predictable and sustainable|The practice of keeping work in a releasable state at all times",,,Kanban & visual management;WIP limits;The Four Types of Work,"Kanban board,WIP limit,cycle time,unplanned work","15,24,46","Saki visits the Pulse Works office to see the Kanban board in person. She stays longer than necessary. Ren walks her to the station. Neither mentions it the next day.",Review flow concepts through achievement
49,2,A,The Earned Truth,Is the project really on track?,"Mid-project. Director Kudo asks if they're on budget. Ren says 'probably.' Saki says 'let's find out for real.' She introduces earned value management — and the numbers are sobering.","Ren,Saki,Director Kudo",Earned value management (EVM),"11,12",,,,,,,,,"Saki teaches Ren EVM over dinner — work dinner, she clarifies. Ren doesn't correct her when the conversation drifts to weekend plans.",Introduce EVM as a powerful but initially intimidating tool
50,2,B,Reading the Numbers,EVM metrics decoded,"Ren and Hina work through the EVM calculations. The metrics reveal the project is over budget and behind schedule — but not by as much as feared.","Ren,Hina",,,"EVM,CPI,SPI,EAC,TCPI","Earned Value Management — a method for measuring project performance against the plan|Cost Performance Index — ratio of earned value to actual cost (CPI > 1 is good)|Schedule Performance Index — ratio of earned value to planned value (SPI > 1 is good)|Estimate at Completion — predicted total cost of the project based on current performance|To-Complete Performance Index — required future efficiency to meet budget target",status_report,EVM Performance Report — Month 5,,,,"Hina declares EVM 'actually kind of cool' once she understands it. She creates a color-coded dashboard. Saki is impressed.",EVM vocabulary and calculation
51,2,C,Course Correction,Using EVM to make decisions,"Armed with EVM data, Ren presents a recovery plan to the steering committee. The data makes the conversation about facts, not feelings. Director Kudo respects the approach.","Ren,Saki,Director Kudo",,"49,50","variance at completion,schedule recovery,cost recovery,performance baseline,trend analysis","The projected difference between the budget at completion and the estimate at completion|Actions taken to bring a behind-schedule project back on track|Actions taken to bring an over-budget project back within budget constraints|The integrated scope schedule and cost baselines used as a reference for performance measurement|Examining project performance data over time to identify patterns and predict future performance",,,Earned value management (EVM);Quality management;Agile & hybrid approaches,"CPI,SPI,quality metric,sprint review","40,45,49","Director Kudo congratulates both PMs publicly. Under the table, Saki squeezes Ren's hand briefly. He freezes. She pretends nothing happened.",Review EVM and earlier concepts through a decision point
52,2,A,The Vendor Gamble,When you can't build it yourself,"A critical XR component needs to be outsourced. Ren has never managed a vendor relationship. Saki has — but Kurosawa Digital's procurement process is famously slow.","Ren,Saki,Director Kudo",Procurement & vendor management,"11,37",,,,,,,,,"Ren asks Saki about vendor management over lunch. It's definitely not a date. They both ordered the same thing. Hina is keeping score.",Introduce procurement as a PMBOK knowledge area
53,2,B,The Vendor Landscape,Evaluating options,"Ren and Hina evaluate three vendors for the XR component. Each has strengths and risks. The decision matrix reveals that the cheapest option is also the riskiest.","Ren,Hina",,,"procurement management plan,make-or-buy analysis,vendor evaluation,request for proposal (RFP),contract type","A document describing how procurement processes will be managed|An assessment comparing the cost and benefits of producing internally versus purchasing externally|A systematic assessment of potential vendors against defined criteria|A formal document soliciting proposals from potential vendors|The legal agreement structure defining payment terms and risk allocation",vendor_proposal,XR Rendering Engine — Vendor Comparison Matrix,,,,"Hina creates a vendor evaluation spreadsheet that's better than anything Ren could have made. She's growing fast.",Procurement vocabulary through practical evaluation
54,2,C,Signing the Deal,Contract negotiation and management,"Ren negotiates with the selected vendor while Saki ensures Kurosawa Digital's procurement requirements are met. The contract discussions reveal hidden assumptions.","Ren,Saki,Tetsu",,"52,53","fixed-price contract,time-and-materials contract,statement of work (SOW),service level agreement (SLA),penalty clause","A contract where the vendor is paid a set amount regardless of actual cost|A contract where the vendor is paid based on time spent and materials used|A document defining the specific work to be performed by the vendor|A commitment defining the expected level of service quality and availability|A contractual provision imposing financial consequences for failing to meet terms",,,Procurement & vendor management;Risk identification & response planning,"vendor evaluation,RFP,risk register,risk response strategy","38,52,53","Saki negotiates a better SLA clause. Ren watches her work and thinks: 'She's magnificent.' He does not say this out loud.",Review procurement and risk through contract negotiation
55,2,A,The Midpoint Mirror,Halfway through — are we who we need to be?,"The project hits its midpoint. Ren calls an all-hands retrospective to assess not just the project but the team's growth. The conversation gets unexpectedly honest.","Ren,Saki,Tetsu,Hina",Continuous improvement & retrospectives,"17,30",,,,,,,,,"Tetsu says he finally feels like part of a team, not just a resource. Hina tears up. Saki and Ren share a look that says more than words.",Midpoint reflection — continuous improvement as practice
56,2,B,The Improvement Engine,Making retrospectives actually work,"Hina documents the team's retrospective evolution: from awkward silence to genuine feedback loops. The key was psychological safety and follow-through on action items.","Ren,Hina",,,"continuous improvement,Kaizen,Plan-Do-Check-Act (PDCA),feedback culture,psychological safety","An ongoing effort to improve products services or processes incrementally|A Japanese philosophy of continuous small improvements|A four-step cycle for iterative improvement: plan the change do it check results act on what you learn|An environment where giving and receiving constructive feedback is normalized|A belief that one will not be punished for speaking up with ideas questions or mistakes",retrospective_notes,Retrospective Evolution — Pulse Works Q1 to Q2,,,,"Hina writes about psychological safety and notes that Ren created it 'by being willing to be wrong out loud.' He's embarrassed but touched.",Continuous improvement vocabulary
57,2,C,The Improvement Cycle,Applying PDCA to a real problem,"The team uses a formal PDCA cycle to address a recurring integration bug. The structured approach finds the root cause faster than their usual firefighting.","Ren,Tetsu,Hina",,"55,56","PDCA cycle,root cause analysis,corrective action,preventive action,process audit","The iterative Plan-Do-Check-Act cycle applied to a specific improvement initiative|A systematic method for identifying the fundamental cause of a problem|An action taken to eliminate the cause of a detected nonconformity|An action taken to eliminate the cause of a potential nonconformity|A systematic examination of a process against defined standards",,,Continuous improvement & retrospectives;Theory of Constraints & bottleneck management,"continuous improvement,PDCA,constraint,exploitation","31,33,55","Tetsu solves the bug using PDCA and says 'I can't believe a framework actually helped.' Ren and Saki high-five. Their hands linger a moment too long.",Review continuous improvement and ToC
58,2,A,The Pipeline Problem,Why deployments keep failing,"Tetsu identifies that the deployment process is manual, error-prone, and dependent on tribal knowledge. He proposes automating the pipeline. The team debates the investment.","Ren,Tetsu,Saki",DevOps & deployment pipelines,"13,14,55",,,,,,,,,"Tetsu presents his pipeline proposal with quiet conviction. Ren backs him publicly. Saki adds budget justification. They're a real team now.",Introduce DevOps concepts from Phoenix Project
59,2,B,The DevOps Way,Automating the path to production,"The team begins building a deployment pipeline. Tetsu leads the technical work while Ren manages the organizational change. The improvement is immediate and measurable.","Ren,Tetsu",,,"DevOps,deployment pipeline,continuous integration,continuous deployment,infrastructure as code","A set of practices combining software development and IT operations to shorten delivery cycles|An automated process moving code from development through testing to production|The practice of merging code changes frequently with automated build and test|Automatically releasing tested code changes to production|Managing infrastructure through machine-readable configuration files rather than manual processes",kanban_board,Deployment Pipeline — Before and After,,,,"Tetsu is energized by the pipeline work — it's the first time Ren has seen him genuinely excited about a project task.",DevOps vocabulary from Phoenix Project
60,2,C,Phase Two Complete,The team has leveled up,"End of Phase 2. Major retrospective covering months 4–6. The EVM numbers are improving. The team has survived scope creep, vendor onboarding, and a quality crisis. They're different people now.","Ren,Saki,Tetsu,Hina,Director Kudo",,"49,55,58","phase gate review,maturity assessment,team velocity,capacity planning","A formal evaluation at the end of a phase to decide whether to proceed|An evaluation of a team or organization's process maturity level|A measure of the amount of work a team completes in a given iteration|The process of determining the production capacity needed to meet changing demands",,,Agile & hybrid approaches;Earned value management (EVM);DevOps & deployment pipelines,"sprint,SPI,CPI,deployment pipeline","45,50,58","Phase 2 celebration dinner. Saki gives a toast acknowledging both teams. She looks at Ren when she says 'partnership.' Director Kudo notices. Hina takes another photo.",Phase 2 capstone — review and transition
61,3,A,The Political Storm,When the project becomes a pawn,"Phase 3. Kurosawa Digital's board questions the XR investment. Director Kudo faces internal pressure and starts positioning the project as 'his initiative' — rewriting history.","Ren,Saki,Director Kudo",Organizational change management,"27,55",,,,,,,,,"Saki confides in Ren about the board politics. It's the first time she's been vulnerable about work. He listens without trying to fix it.",Phase 3 opener — political threats escalate
62,3,B,The Change Curve,Why organizations resist,"Ren researches organizational change management after seeing the political resistance firsthand. The patterns are textbook — but knowing the theory doesn't make it easier.","Ren,Hina",,,"organizational change,change resistance,change curve,change agent,stakeholder buy-in","The process of transitioning individuals teams and organizations to a desired future state|Opposition to proposed changes arising from fear uncertainty or perceived loss|A model describing the emotional stages people experience during change|A person who facilitates and drives organizational change|The commitment and support of stakeholders for a project or initiative",stakeholder_email,Board Member's Email Questioning XR Investment,,,,"Hina asks Ren if he's worried about the project. He says no. She doesn't believe him. Neither does he.",Organizational change management vocabulary
63,3,C,Building the Coalition,Winning hearts and minds,"Ren and Saki build a coalition of supporters across Kurosawa Digital. They identify change champions, address resisters' concerns, and create a communication campaign.","Ren,Saki,Director Kudo",,"61,62","change champion,coalition building,resistance management,communication campaign,vision statement","An influential person who actively promotes and supports a change initiative|The practice of assembling a group of supporters to drive change forward|Strategies for addressing and reducing opposition to change|A planned series of messages designed to build awareness and support|A clear and compelling description of the desired future state",,,Organizational change management;Communications management,"change resistance,change agent,RAG status,executive summary","27,61,62","Ren and Saki stay late writing the vision statement together. The office is empty. The moment is intimate but neither crosses the line. Yet.",Review org change and communications
64,3,A,The Vendor Crisis,When your supplier disappears,"The XR component vendor misses a critical delivery date. Their lead engineer has left. The team must decide: wait, switch vendors, or build in-house.","Ren,Saki,Tetsu",,"37,52",,,,,,,,,"Saki stays calm when Ren panics. 'We planned for this,' she says, pulling up the risk register. He realizes how much he relies on her.",Vendor crisis as a practical PM challenge
65,3,B,The Procurement Pivot,Emergency vendor management,"Ren invokes the contract's penalty clause while simultaneously evaluating backup vendors. The procurement pivot tests everything the team has learned about risk and change.","Ren,Hina",,,"contract termination,penalty enforcement,vendor transition plan,emergency procurement,sole source justification","The formal process of ending a contractual relationship|Executing contractual consequences when a vendor fails to meet agreed terms|A structured approach to transferring work from one vendor to another|An accelerated procurement process used when standard timelines cannot be met|Documentation explaining why only one vendor can fulfill a requirement",vendor_proposal,Emergency Vendor Assessment — XR Rendering Engine,,,,"Hina manages the vendor evaluation independently for the first time. Ren realizes she could run her own project now.",Procurement crisis management
66,3,C,Recovery Mode,Rebuilding after the vendor failure,"The team absorbs the vendor failure and restructures the plan. Tetsu takes on additional development work — but this time, with proper WIP limits and support.","Ren,Saki,Tetsu,Hina",,"64,65","recovery plan,fast-tracking,crashing,resource leveling,schedule compression","A detailed plan for bringing a troubled project back on track|Performing sequential activities in parallel to reduce duration|Adding resources to critical path activities to reduce duration|Adjusting activities to balance resource demand with availability|Shortening the project schedule without reducing scope",,,Procurement & vendor management;Risk identification & response planning;Theory of Constraints & bottleneck management,"penalty clause,SLA,risk trigger,bottleneck indicator","33,39,54","Tetsu accepts the extra work but sets boundaries. Ren supports him. Saki tells Ren privately: 'You've become a really good PM.' His heart rate spikes.",Review procurement, risk, and ToC through crisis recovery
67,3,A,The Integration Challenge,Bringing all the pieces together,"Multiple workstreams must converge for the XR platform integration. Dependencies are everywhere. Ren must orchestrate the most complex phase of the project.","Ren,Tetsu,Saki",,"6,9,31",,,,,,,,,"Ren and Saki co-lead the integration planning session. They've developed a shorthand — finishing each other's sentences, sharing glances that say 'I've got this part.' The team notices.",Complex integration as an advanced PM challenge
68,3,B,The Integration Playbook,Orchestrating convergence,"Ren creates a detailed integration plan that maps all dependencies, buffers, and rollback procedures. It's the most sophisticated PM artifact he's ever produced.","Ren,Hina",,,"integration management,dependency mapping,interface management,rollback procedure,system testing","The coordination of all project elements to ensure they work together|A visual representation of how activities and deliverables depend on each other|Managing the connections and interactions between different system components|A predefined process for reverting changes if integration fails|End-to-end testing of the complete integrated system against requirements",scope_document,XR Platform Integration Plan v1.0,,,,"Hina reviews the plan and says 'This reads like something Saki would write.' Ren takes it as the highest compliment.",Integration management vocabulary
69,3,C,The Integration Test,Moment of truth,"Integration testing begins. Some components work perfectly; others fail spectacularly. The team learns more in one week of integration than in two months of development.","Ren,Saki,Tetsu",,"67,68","integration testing,regression testing,defect triage,test coverage,acceptance testing","Testing performed to verify that combined components function correctly together|Testing to ensure that new changes haven't broken existing functionality|The process of evaluating and prioritizing defects for resolution|The extent to which testing exercises the system's functionality|Formal testing conducted to determine whether a system meets acceptance criteria",,,Organizational change management;Earned value management (EVM);DevOps & deployment pipelines,"change agent,coalition building,EAC,continuous integration","51,63,68","During a late-night integration session, Ren falls asleep at his desk. Saki puts her jacket over his shoulders. Tetsu sees. He says nothing.",Review org change, EVM, and DevOps through integration
70,3,A,The Burnout Warning,When the team hits the wall,"Three team members show signs of burnout. Ren recognizes the symptoms because he's feeling them too. He must balance delivery pressure with team health.","Ren,Saki,Tetsu,Hina",,"10,15,55",,,,,,,,,"Saki notices Ren's exhaustion before he admits it. She insists he take a day off. He resists. She says: 'Trust me. I'll cover for you.' He does.",Team health as a PM responsibility
71,3,B,Sustainable Pace,Balancing delivery with well-being,"The team establishes sustainable work practices: enforced breaks, no-meeting blocks, capacity buffers. The initial productivity dip leads to a sustained improvement.","Ren,Hina",,,"sustainable pace,team morale,resource utilization,burnout indicators,team health metrics","A work rate that can be maintained indefinitely without degrading quality or team health|The collective emotional state and enthusiasm of the team|The percentage of available time a resource spends on productive work|Signs that a team member is approaching or experiencing burnout|Quantitative measures of team satisfaction engagement and workload",retrospective_notes,Team Health Check — Month 7 Retrospective,,,,"Hina organizes a team outing. Ren and Saki end up sitting together on the train home. Their shoulders touch. Neither moves away.",Sustainable pace as a mature PM concept
72,3,C,The Human Element,People over process,"A team member submits their resignation. Ren must handle the departure while maintaining project momentum. The experience teaches that PM is ultimately about people.","Ren,Tetsu,Hina",,"70,71","attrition,knowledge retention,transition plan,team dynamics,motivation theory","The gradual reduction of team members through resignation or reassignment|Strategies for preserving critical knowledge when team members leave|A structured approach to transferring responsibilities during personnel changes|The behavioral relationships and interactions between team members|Frameworks for understanding what drives people to perform",,,Continuous improvement & retrospectives;WIP limits;Resource planning & estimation,"retrospective,PDCA,WIP limit,capacity planning","55,57,60","Ren handles the departure with empathy and professionalism. Saki watches and thinks: 'He's changed so much since we met.' She doesn't say it. Not yet.",Review CI, WIP, and resource planning through a people challenge
73,3,A,The Executive Presentation,Selling the project's future,"Ren and Saki present to Kurosawa Digital's full executive board. The stakes are existential: if the board doesn't approve Phase 3 funding, the project dies.","Ren,Saki,Director Kudo",Benefits realization & project closure,"19,27,49",,,,,,,,,"The night before, Ren admits to Saki he's terrified. She admits she is too. They practice until midnight. When she leaves, she turns back to say something — but doesn't.",Highest-stakes presentation — combines all PM skills
74,3,B,Proving Value,Benefits realization in practice,"Ren documents the project's delivered benefits against the original business case. The ROI story is stronger than expected — but only because they measured along the way.","Ren,Hina",,,"benefits realization,ROI,business value,value delivery,success criteria","The process of ensuring that project outcomes deliver the intended business benefits|Return on Investment — the ratio of net benefits to the cost of achieving them|The measurable worth a project delivers to the organization|The ongoing process of producing valuable outcomes throughout the project lifecycle|Predefined measures that define project success",status_report,Benefits Realization Report — XR Platform,,,,"Hina creates a benefits dashboard that impresses even Director Kudo. She's ready for her own projects.",Benefits realization vocabulary
75,3,C,The Green Light,The board says yes — with conditions,"The board approves continued funding but adds conditions: accelerated timeline, additional reporting, and a joint governance committee. The team celebrates cautiously.","Ren,Saki,Director Kudo",,"73,74","governance committee,executive sponsor,portfolio review,stage gate approval,conditional approval","A group of senior stakeholders providing oversight and strategic direction|A senior leader who provides political support and resources for the project|An evaluation of all active projects to ensure alignment with organizational strategy|Formal authorization to proceed to the next project phase|Approval granted with specific conditions that must be met",,,Benefits realization & project closure;Change control & integrated change management;Organizational change management,"ROI,success criteria,CCB,change champion","36,62,73","After the board meeting, Ren and Saki celebrate at a quiet izakaya. For the first time, they're not pretending it's a work dinner. Neither says what this means.",Review benefits, change control, and org change
76,3,A,The Acceleration,Compressing the timeline,"The board's accelerated timeline means the team must deliver in 8 weeks what was planned for 12. Ren must choose between fast-tracking and crashing — both have costs.","Ren,Saki,Tetsu",,"9,66",,,,,,,,,"Ren and Saki disagree about the approach. The argument is their worst since Phase 1 — but this time it hurts differently because they care about each other.",Schedule compression under real pressure
77,3,B,The Final Sprint Plan,Structuring the endgame,"Ren creates a detailed sprint plan for the final push. Every day is accounted for. Every risk has a mitigation. It's the best plan he's ever written — and he knows it might not survive contact with reality.","Ren,Hina",,,"sprint backlog,velocity forecasting,burndown chart,definition of done,release plan","The set of work items selected for completion during a sprint|Using historical velocity data to predict future sprint capacity|A chart showing remaining work versus time in a sprint or release|A shared understanding of what it means for work to be complete|A schedule mapping features and deliverables to target release dates",kanban_board,Final Sprint Board — 8-Week Accelerated Timeline,,,,"Hina reviews the plan and says 'You've grown a lot.' Ren realizes she has too. He tells her she's ready to be a PM — not a coordinator.",Final sprint planning vocabulary
78,3,C,The Pipeline Pays Off,DevOps as a competitive advantage,"The automated deployment pipeline Tetsu built proves its worth: the team ships three major updates in one week without a single deployment failure. The investment has paid off.","Ren,Tetsu,Saki",,"58,59","deployment frequency,mean time to recovery (MTTR),change failure rate,deployment automation,zero-downtime deployment","How often code is successfully deployed to production|The average time to restore service after a deployment failure|The percentage of deployments causing degraded service|Using tools to perform deployments without manual intervention|Deploying updates without interrupting service availability",,,DevOps & deployment pipelines;Kanban & visual management;Agile & hybrid approaches,"continuous integration,deployment pipeline,Kanban board,sprint","46,59,60","Tetsu grins — actually grins — when the third deployment succeeds. Ren has never seen him this happy. The team cheers.",Review DevOps, Kanban, and agile through achievement
79,3,A,The Stakeholder Rebellion,When allies turn,"A Kurosawa Digital department head who was previously supportive suddenly opposes the XR platform. Internal politics threaten to derail the final phase.","Ren,Saki,Director Kudo",,"3,27,61",,,,,,,,,"Saki navigates the political crisis with skill Ren couldn't have imagined. He realizes he's not just impressed by her — he's in awe.",Advanced stakeholder management under political pressure
80,3,B,Portfolio Thinking,Seeing the bigger picture,"Director Kudo reveals that the XR project is one of five competing for next year's budget. Ren must position his project within the portfolio context.","Ren,Director Kudo",,,"portfolio management,program management,strategic alignment,resource competition,organizational priorities","Managing a collection of projects to achieve strategic business objectives|Coordinating related projects to achieve benefits not available from managing them individually|Ensuring project objectives support the organization's strategic goals|When multiple projects compete for the same limited resources|The ranked business objectives that guide investment and resource decisions",stakeholder_email,Director Kudo's confidential email about portfolio priorities,,,,"Director Kudo confides in Ren for the first time — a sign of respect. He warns that Saki's position at Kurosawa is also tied to this project's success.",Portfolio and program management vocabulary
81,3,C,The Strategic Move,Positioning the project for survival,"Ren and Saki craft a strategic narrative positioning the XR platform as essential to Kurosawa Digital's five-year plan. They present it to the governance committee.","Ren,Saki,Director Kudo",Portfolio & program alignment,"73,80","strategic business case,portfolio optimization,benefit-cost ratio,opportunity cost,strategic initiative","A document linking project outcomes to organizational strategy|Balancing the project portfolio to maximize value and minimize risk|A comparison of expected benefits to expected costs for investment decisions|The value of the next best alternative forgone when making a choice|A high-priority project directly supporting organizational strategic objectives",,,Portfolio & program alignment;Benefits realization & project closure;Organizational change management,"portfolio management,strategic alignment,ROI,change curve","62,74,80","Ren and Saki write the strategic narrative together. It's late. She falls asleep at the desk. He covers her with his jacket — returning her gesture from unit 69. She wakes up and sees. The moment hangs between them.",Review portfolio, benefits, and org change
82,3,A,The Final Risk,A threat nobody anticipated,"A cybersecurity audit reveals a vulnerability in the XR platform that could delay launch. The team has two weeks to fix it or the project fails compliance review.","Ren,Saki,Tetsu",,"37,39,58",,,,,,,,,"The pressure brings out the best in the team. Ren leads calmly. Saki handles the compliance stakeholders. Tetsu fixes the vulnerability. Hina coordinates communications.",Unexpected risk as the ultimate PM test
83,3,B,Closing the Loop,Project closure done right,"As the project enters its final weeks, Ren begins the formal closure process. Lessons learned, knowledge transfer, and stakeholder sign-off all need to happen simultaneously.","Ren,Hina",,,"project closure,administrative closure,formal acceptance,final report,knowledge repository","The formal process of completing and finalizing all project activities|Completing all administrative tasks associated with project completion|Official stakeholder sign-off confirming deliverables meet requirements|A comprehensive document summarizing the project's performance and outcomes|A centralized location for storing project documentation and lessons learned",lessons_learned_log,Project Doki Doki — Lessons Learned Log,,,,"Hina asks Ren what happens after the project ends — meaning between him and Saki. He doesn't answer. She doesn't push.",Project closure vocabulary
84,3,C,The Dress Rehearsal,Final integration and user acceptance,"Full user acceptance testing with Kurosawa Digital's end users. Most features pass; a few need polish. The feedback is overwhelmingly positive.","Ren,Saki,Tetsu,Hina",,"69,73","user acceptance testing (UAT),defect resolution,go-live criteria,operational readiness,cutover plan","Testing performed by end users to validate the system meets their needs|The process of identifying fixing and verifying defects found during testing|Predefined conditions that must be met before a system can launch|Assessment confirming that operations support and infrastructure are prepared for launch|A detailed plan for transitioning from the old system to the new one",,,Quality management;DevOps & deployment pipelines;Procurement & vendor management,"acceptance criteria,quality control,continuous deployment,vendor transition plan","42,65,69","During UAT, a user says the platform is 'better than we imagined.' Saki catches Ren's eye across the room. The pride they share doesn't need words.",Review quality, DevOps, and procurement through final testing
85,3,A,The Confession,When professionalism meets feeling,"The project is two weeks from launch. At a team dinner, Hina asks Ren directly: 'When are you going to tell her?' Ren deflects. But that night, he texts Saki.","Ren,Saki,Hina",,"27,61",,,,,,,,,"Ren's text: 'Can we talk? Not about the project.' Saki's reply takes 47 minutes: 'I was hoping you'd ask.' They meet at the park near the office. The conversation is terrifying and honest. They admit everything.",The confession episode — peak romantic subplot
86,3,B,The Final Status,One last report before launch,"Ren writes the final status report. Every metric tells a story of a project that almost failed multiple times but ultimately succeeded through skill, adaptation, and teamwork.","Ren,Hina",,,"final status report,project performance,lessons learned summary,stakeholder satisfaction,team acknowledgment","The last formal project status update before closure|A comprehensive assessment of how the project performed against its original plan|A distilled set of the most important insights from the project experience|A measure of how well the project met stakeholder expectations and needs|Formal recognition of team members' contributions to project success",status_report,Final Status Report — XR Platform Launch,,,,"Ren writes the team acknowledgment section. When he gets to Saki's name, he pauses. He writes something professional. Then deletes it and writes something real.",Final status report as both PM artifact and emotional milestone
87,3,C,Launch Day,The XR platform goes live,"Launch day. Everything that could go wrong is monitored. The team is nervous but prepared. The platform launches successfully. Kurosawa Digital's executives are delighted.","Ren,Saki,Tetsu,Hina,Director Kudo",,"82,84","go-live,production deployment,monitoring plan,incident response,launch criteria","The moment when a system becomes operational for end users|Releasing the final version of the system to the production environment|A strategy for tracking system performance and identifying issues post-launch|A predefined process for detecting and resolving issues after launch|The complete set of conditions that must be satisfied before launch can proceed",,,Benefits realization & project closure;DevOps & deployment pipelines;Risk identification & response planning,"go-live criteria,operational readiness,deployment frequency,risk trigger","66,78,84","The launch succeeds. In the celebration chaos, Ren and Saki find a quiet moment. 'We did it,' he says. 'We did,' she says. They're standing closer than colleagues do.",Review benefits, DevOps, and risk through the ultimate milestone
88,3,A,The Morning After,What success actually feels like,"The day after launch. The adrenaline fades. The team processes what they've accomplished. Ren realizes the project changed him as much as he changed the project.","Ren,Saki,Tetsu,Hina",,"55,72",,,,,,,,,"Ren and Saki arrive at the office at the same time. They walk in together. Nobody comments because everybody already knows.",Post-launch reflection
89,3,B,The Retrospective to End All Retrospectives,Looking back at 100 units of growth,"The team holds their final retrospective — the most comprehensive one yet. Every phase, every crisis, every lesson gets reviewed.","Ren,Saki,Tetsu,Hina",,,"project retrospective,maturity growth,capability assessment,organizational learning,knowledge legacy","A comprehensive review of the entire project lifecycle for lessons learned|The progression from ad-hoc processes to optimized repeatable systems|An evaluation of what a team or organization can now do that it couldn't before|The process by which an organization improves through experience|The lasting knowledge and practices a project leaves behind for future teams",retrospective_notes,Final Retrospective — Project XR Platform,,,,"Each character reflects on their growth. Tetsu: 'I learned to ask for help.' Hina: 'I learned to trust myself.' Saki: 'I learned that process without people is empty.' Ren: 'I learned from all of you.'",Comprehensive final retrospective
90,3,C,The Handoff,Transitioning to operations,"The project deliverables must be handed off to Kurosawa Digital's operations team. The transition tests whether the documentation and knowledge transfer were sufficient.","Ren,Saki,Tetsu,Hina",,"83,84","operational handoff,support transition,warranty period,service desk,runbook","The formal transfer of project deliverables to the operations or support team|The process of shifting responsibility for the system from the project team to operations|A defined period after launch during which the project team provides enhanced support|A centralized point of contact for users to report issues and request assistance|A documented set of procedures for operating and troubleshooting the system",,,Project closure;Integration management;Continuous improvement & retrospectives,"final report,knowledge repository,integration management,PDCA","57,68,83","Saki manages the Kurosawa side of the handoff. They've become so synchronized that the ops team asks if they've always worked together. 'No,' Saki says. 'It took us a while.'",Review closure, integration, and CI through handoff
91,3,A,The Portfolio Decision,When your project becomes a program,"Director Kudo announces that the XR platform's success has spawned two new projects. Ren is offered the program manager role. The decision isn't simple.","Ren,Director Kudo,Saki",Portfolio & program alignment,"80,81",,,,,,,,,"The program manager role would mean more responsibility — and continued partnership with Saki. Or does he want something different?",Portfolio/program thinking at the individual level
92,3,B,The Program Perspective,From project to program management,"Ren explores what program management means. The shift from managing one project to coordinating multiple related projects requires a different mindset.","Ren,Hina",,,"program charter,benefits mapping,program governance,interdependency management,program roadmap","A document establishing the authority and scope of a program|A visual representation of how program components contribute to strategic benefits|The framework of oversight and decision-making for a program|Managing the connections and dependencies between projects within a program|A high-level timeline showing how program components align over time",scope_document,XR Program Charter — Draft,,,,"Hina says she wants to lead one of the new projects. Ren realizes his mentoring has succeeded — and that letting go is its own kind of growth.",Program management vocabulary
93,3,C,The Bigger Game,Thinking beyond the project,"Ren evaluates the program opportunity against his career goals and values. The analysis parallels how he'd evaluate a project — but the stakes are personal.","Ren,Saki,Director Kudo",,"91,92","career development,professional growth,leadership maturity,strategic thinking,servant leadership","The ongoing process of managing one's professional trajectory|The continuous development of skills knowledge and capabilities|The evolution from task management to people leadership to strategic influence|The ability to see connections between decisions actions and long-term outcomes|A leadership philosophy prioritizing the growth and well-being of team members",,,Portfolio & program alignment;Organizational change management;Benefits realization & project closure,"program management,strategic alignment,change agent,ROI","61,74,81","Saki asks what he's going to decide. He asks what she thinks. She says: 'I think you should do whatever makes you excited to come to work.' She pauses. 'And I hope I'm part of that equation.'",Review portfolio, org change, and benefits through career decision
94,3,A,Hina's First Solo,The mentee becomes the PM,"Hina runs her first project kickoff independently. Ren watches from the back of the room. She's nervous but prepared. She uses everything he taught her — and some things she figured out on her own.","Hina,Ren",,"1,3,7",,,,,,,,,"Ren feels proud and a little emotional watching Hina lead. Saki texts him during the meeting: 'You built that.' He replies: 'She built herself. I just didn't get in the way.'",Hina's growth arc culminates — the Mirror becomes a PM
95,3,B,Tetsu Unplugged,The bottleneck becomes a bridge,"Tetsu's systems documentation and cross-training program have made him replaceable — which, paradoxically, makes him more valuable. He's now a mentor, not a bottleneck.","Tetsu,Ren",,,"knowledge management,mentoring,technical leadership,systems thinking,organizational resilience","The systematic process of creating sharing and applying organizational knowledge|Guiding less experienced team members through advice support and shared experience|The ability to guide technical decisions and develop team capabilities|Understanding how components of a system interrelate and influence each other|An organization's ability to absorb disruption and continue functioning",lessons_learned_log,Tetsu's Systems Documentation Legacy,,,,"Tetsu tells Ren: 'You know what the real bottleneck was? Not me. It was the system that made everything depend on one person. You fixed the system.' Highest praise Ren has ever received.",Tetsu's growth arc culminates — bottleneck resolved systemically
96,3,C,Director Kudo's Revelation,The stakeholder shows his hand,"Director Kudo reveals he was testing both PMs all along — pushing scope, creating pressure, watching how they responded. He's impressed. He offers both of them expanded roles.","Ren,Saki,Director Kudo",,"3,27,61","executive sponsorship,talent development,strategic partnership,organizational investment,leadership pipeline","Active senior leader support providing political cover resources and strategic direction|An organization's commitment to growing the capabilities of its people|A collaborative relationship between organizations that creates mutual strategic value|Committing resources to build long-term organizational capability|The systematic development of future leaders within an organization",,,Stakeholder identification & analysis;Communications management;Portfolio & program alignment,"stakeholder,engagement level,communications management plan,portfolio management","3,27,80","Director Kudo says: 'I knew from the first meeting you two would either destroy each other or be extraordinary together. I bet on extraordinary.' Ren and Saki exchange a look that says everything.",Review stakeholder, communications, and portfolio through revelation
97,3,A,The New Beginning,Setting up for what's next,"Ren accepts the program manager role. He begins planning the next phase with Saki as his counterpart at Kurosawa Digital. The professional partnership is now also personal.","Ren,Saki,Hina",,"81,91",,,,,,,,,"Ren and Saki discuss the new program over dinner at 'their' izakaya. He says: 'Same team?' She says: 'Always.' Under the table, their hands find each other.",New chapter begins — professional and personal
98,3,B,The PM's Toolkit,Everything in one place,"Hina creates a comprehensive PM toolkit based on everything the team has learned. It's her parting gift to the project — a knowledge legacy for future teams.","Hina,Ren",,,"PM toolkit,process template library,organizational process assets,enterprise environmental factors,tailoring","A curated collection of tools templates and practices for project management|A repository of reusable templates for common PM processes|Plans processes policies and knowledge bases specific to the organization|Conditions not under the project team's control that influence the project|Adapting PM processes and practices to fit the specific project context",lessons_learned_log,Hina's PM Toolkit — Table of Contents,,,,"Hina dedicates the toolkit to 'Ren, who taught me that the best PM frameworks are the ones you actually use.'",Final vocabulary — meta-PM concepts
99,3,C,The Last Retrospective,One hundred units of growth,"The final retrospective. Not just for the project — for the journey. Each character reflects on who they were at unit 1 and who they are now.","Ren,Saki,Tetsu,Hina,Director Kudo",,"1,13,25,55,73","growth mindset,professional identity,continuous professional development,reflective practice,mastery","The belief that abilities can be developed through dedication and hard work|The way a professional sees themselves in relation to their role and expertise|The ongoing pursuit of knowledge and skills throughout one's career|The habit of regularly examining one's experiences to improve future performance|Deep comprehensive knowledge and skill in a particular domain",,,Project lifecycle & phases;The Three Ways (flow feedback learning);Benefits realization & project closure,"project,phase,flow,continuous learning,ROI,project closure","1,13,74","Each character shares one thing they'll carry forward. Tetsu: 'Systems over heroes.' Hina: 'Ask the obvious question.' Director Kudo: 'Trust the process — and the people.' Saki: 'Structure is how you show you care.' Ren: 'The best projects change you.'",Penultimate unit — comprehensive character and concept review
100,3,C,Project Doki Doki,The heartbeat that started it all,"The final unit. Ren looks back at the entire journey — from the first awkward meeting with Saki to becoming a program manager. The XR platform is live. The team has grown. The story continues.","Ren,Saki,Tetsu,Hina,Director Kudo",,"1,3,6,9,13,25,55,73,81","project success,stakeholder value,team legacy,professional fulfillment,next chapter","The achievement of project objectives while meeting stakeholder expectations|The tangible and intangible benefits delivered to all project stakeholders|The lasting impact a project team has on the organization and each other|The satisfaction derived from meaningful challenging professional work|The ongoing continuation of learning and growth beyond a single project",,,All 25 concepts (comprehensive review),"project,stakeholder,WBS,critical path,flow,WIP limit,constraint,risk,change request,EVM,retrospective,deployment pipeline","Selected units across all phases","Final scene: Ren and Saki at the park where they had their confession. He says: 'Same place we started?' She says: 'No. We're somewhere completely new.' She takes his hand. Fade to black. Title card: Project Doki Doki — Complete.",Series finale — wrap all threads
